episode_id	rec_id
1	3
1	9
1	11
1	17
1	19
1	33
1	39
1	44
1	49
1	53
2	8
2	12
2	18
2	27
2	34
2	43
2	48
2	52
2	65
2	67
3	7
3	13
3	21
3	28
3	36
3	40
3	45
3	50
3	56
3	64
4	4
4	14
4	20
4	23
4	29
4	35
4	42
4	47
4	51
4	62
5	2
5	10
5	15
5	22
5	30
5	37
5	46
5	55
5	61
5	73
