episode_id	chef_id
1	13
1	22
1	11
1	25
1	10
1	20
1	2
1	4
1	19
1	7
2	16
2	9
2	4
2	6
2	10
2	22
2	7
2	21
2	13
2	23
3	7
3	23
3	17
3	12
3	21
3	25
3	15
3	16
3	3
3	8
4	16
4	22
4	14
4	5
4	10
4	6
4	12
4	8
4	15
4	3
5	17
5	2
5	12
5	10
5	1
5	8
5	20
5	22
5	14
5	24
